title,company,location
Chemiker / Naturwissenschaftler als Prozessentwickler (m/w/d),cigus GmbH,Wetzlar
Werkstudent Business Development (m/w/d),Nomios,Frankfurt am Main
Senior Performance Marketing Manager (m/w/x),WhereverSIM,Hamburg
Senior Sales Manager BKO,Kloepfel Group,Düsseldorf
Softwareentwickler Embedded C++ (m/w/d) Medizintechnik,ASTRUM IT GmbH,Erlangen
HR Business Partner (m/w/d) in VZ,AXS Germany GmbH,Hamburg
Marketing-Allrounder (m/w/d),TR31 Ventures GmbH,Leipheim
Senior AI Architect & Consultant (all genders),MAI Group,Hamburg
Technische Leitung (m/w/d) | Maschinenbau | Nördlich von Hamburg,Franke + Pahl Fachkräfte GmbH,Hamburg
Fachkraft für Personalmanagement (m/w/d),Plenus Care® GmbH,Oberhausen
Copywriter Corporate Communications (gn) - 18 Monate Elternzeitvertretung mit Option auf Verlängerung,Bikeleasing-Service GmbH & Co. KG,Berlin
Copywriter Corporate Communications (gn) - 18-month parental leave cover with an option to extend,Bikeleasing-Service GmbH & Co. KG,Berlin
Teamleitung Abrechnung & Konditionsmanagement (m/w/d) Kiel,Franke + Pahl Fachkräfte GmbH,Kiel
Social Media Praktikant/Werkstudent,Teaching Finance GmbH & Co. KG,Hockenheim
Go-to-Market Manager (m/w/d) - Hamburg,Mendato GmbH,Hamburg
Go-to-Market Manager (m/w/d) - Berlin,Mendato GmbH,Berlin
Junior Account Manager B2B,SalesViewer GmbH,Bochum
Junior Coach - 100% Remote/Vollzeit,Erschaffe dich neu,Berlin
Unit-Lead SEA / Google Ads (m/w/d),anocus GmbH,Hamburg
Werkstudent Business Automation & AI (m/w/d),Advertical,Cologne
Junior Google Performance & Analytics Manager (m/w/d),eFLY Marketplace Services GmbH,Stuttgart
ISB Informationssicherheitsbeauftragter (m/w/d),GECKO mbH,Rostock
"Steuerberater (m/w/d) in Adelmannsfelden, auf Wunsch mit Partnerperspektive, gesucht - mindestens 90.000€",Taxtalente.de,Adelmannsfelden
"Steuerberater (m/w/d) in Dettingen an der Iller, auf Wunsch mit Partnerperspektive, gesucht - mindestens 90.000€",Taxtalente.de,Dettingen an der Iller
"Steuerberater (m/w/d) in Bopfingen, auf Wunsch mit Partnerperspektive, gesucht - mindestens 90.000€",Taxtalente.de,Bopfingen
"Steuerberater (m/w/d) in Perleberg, auf Wunsch mit Partnerperspektive, gesucht - mindestens 90.000€",Taxtalente.de,Perleberg
"Steuerberater (m/w/d) in Denkendorf, auf Wunsch mit Partnerperspektive, gesucht - mindestens 90.000€",Taxtalente.de,Denkendorf
"Steuerberater (m/w/d) in Hoisdorf, auf Wunsch mit Partnerperspektive, gesucht - mindestens 90.000€",Taxtalente.de,Hoisdorf
"Steuerberater (m/w/d) in Langsur, auf Wunsch mit Partnerperspektive, gesucht - mindestens 90.000€",Taxtalente.de,Langsur
"Steuerberater (m/w/d) in Niedererbach, auf Wunsch mit Partnerperspektive, gesucht - mindestens 90.000€",Taxtalente.de,Niedererbach
Business Development & Partnerships Partner (Revenue Share) - AWS & Anthropic,Datavent,Hamburg
Projektcontroller (m/w/d),Lödige Industries GmbH,Paderborn
Account Executive - Bestands- & Neukunden (m/w/d),poolarserver,Stuttgart
Leiter Finanzen/Rechnungswesen/Controlling (m/w/d) mit Perspektive zum kaufm. Leiter (m/w/d),LEPO Consulting GmbH,Hohenlinden
Werkstudent (m/w/d) Machine Learning / Neuronale Netze / Automatisierungstechnik,INP Deutschland GmbH,Römerberg
"Werkstudent (m/w/d) – Finance & Beratung (unternehmerisch, leistungsbasiert)",Kevin Kehr,Hamburg
Chief of Staff,Cambrium,Berlin
Chief of Staff (all genders) for AI Audit Tech Startup,dnl,Berlin
Niederlassungsleiter GU SF-Bau /Industriebau (m/w/d),Marwio GmbH,Villingen-Schwenningen
"Werkstudent (m/w/d) Informatik, Informationstechnik oder Elektrotechnik",ConnectingCase GmbH,Mittelbiberach
Engineering Lead (m/w/d) Enterprise Software / Fintech,beatvest,Munich
Senior AI Product Manager (f/m/d),Predium Technology GmbH,Munich
Sales Trainee - B2B Software (m/w/d),Hallo Welt! GmbH,Regensburg
Werkstudent:in Marketing (m/w/d),Soley GmbH,Munich
Senior Backend Engineer,bits&birds GmbH,Hamburg
IT Consultant Schwerpunkt Finanzen / Beitragswesen. (m/w/d),ODAV AG,Straubing
People & Recruiting Manager (m/w/d),8P Steuerberatung - Wirtschaftsprüfung - Rechtsberatung,Siegen
"Steuerberater (m/w/d) in Hamm am Rhein, auf Wunsch mit Partnerperspektive, gesucht - mindestens 90.000€",Taxtalente.de,Hamm am Rhein
"Steuerberater (m/w/d) in Bad Friedrichshall, auf Wunsch mit Partnerperspektive, gesucht - mindestens 90.000€",Taxtalente.de,Bad Friedrichshall
"Steuerberater (m/w/d) in Zwickau, auf Wunsch mit Partnerperspektive, gesucht - mindestens 90.000€",Taxtalente.de,Zwickau
"Steuerberater (m/w/d) in Klausen, auf Wunsch mit Partnerperspektive, gesucht - mindestens 90.000€",Taxtalente.de,Klausen
"Steuerberater (m/w/d) in Gotha, auf Wunsch mit Partnerperspektive, gesucht - mindestens 90.000€",Taxtalente.de,Gotha
"Steuerberater (m/w/d) in Radbruch, auf Wunsch mit Partnerperspektive, gesucht - mindestens 90.000€",Taxtalente.de,Radbruch
Hydrogeologe – Grundwassermodellierer – Brunnenbauer - Geothermie (m/w/d),SIERA Alliance,Cologne
Abteilungsleitung Kreditberatung Markt (m/w/d) in Lübben (Spreewald),Exzellente Jobs,Lübben
Social Media Manager (m/w/d),RFM MediaMix AG,Erfurt
SAP Security Berater (m/w/d),GoToSec GmbH,Monheim am Rhein
Projektassistenz & Content-Management (m/w/d) - Fokus SEO,Sumax,Dortmund
Content Creator (m/w/d) in Köln / Düsseldorf in Teilzeit,Triviar Education GmbH,Cologne
Senior IT-Projektmanager (m/w/d),Karriereweg GmbH,Düsseldorf
PR- und Social Media Manager in Teilzeit (20-32h),We are SAVVY,Frankfurt am Main
Werkstudent*in Content Creator / Brandface (m/w/d),Neptuned GmbH,Berlin
"Front-End Software Engineer Flutter (Full Time), Munich, Germany",NOXON,Munich
Geowissenschaftler/in oder Ingenieur/in als wissenschaftliche(r) Mitarbeiter/in (m/w/d) im Bereich Baugrunderkundung / Gründungsberatung,Dr. Röhrs & Herrmann GbR,Hildesheim
"Senior E-Commerce Marketer (Meta, Google, Funnels, KI) | Remote",Berend Heins GmbH,Cologne
"Senior E-Commerce Marketer (Meta, Google, Funnels, KI) | Remote",Berend Heins GmbH,Mannheim
Product Engineer (m/w/d),Orbit,Hamburg
Mechanical Design Engineer (m/w/x),K-tronik GmbH,Stuttgart
Test Engineer Communication Management (m/w/x),K-tronik GmbH,Berlin
Business Analyst - Bankbilanzierung & Jahresabschluss (m/w/d),CPU Consulting & Software GmbH,Münster
Administrator für IT Security (m/w/d),hubside - Die Recruitingwerkstatt,Starnberg
"E-Mail Marketing Specialist / CRM (Klaviyo, Shopify) (m/w/d)",Valkental GmbH,Düsseldorf
AI Full Stack Software Engineer im E-Commerce Startup (E-Commerce & Data),Sayano Deutschland GmbH,Stuttgart
Bilanzbuchhalter (m/w/d),Jobbusters® GmbH,Bremen
Sachbearbeiter Lohn- & Gehaltsabrechnung (m/w/d),Dellner Bubenzer Germany GmbH,Kirchen
Konstruktionsingenieur (m/w/x),K-tronik GmbH,Berlin
Technische:r Projektmanager:in (m/w/d),BlueCommunity GmbH,Leipzig
IT Manager (m/w/d),bits&birds GmbH,Lüneburg
Benelux - (Junior) Influencer & Content Marketing Manager (m/w/d),Nailscamp GmbH,Berlin
Werkstuden*in Marketing (m/w/d),NICO Europe,Berlin
Werkstudent*in E-Commerce / Marketplaces (m/w/d) 20 Stunden pro Woche,NICO Europe,Berlin
Pflichtpraktikum Marketing & Sales Startup,Fill the Gap,Schwalbach am Taunus
Werkstudent (m/w/d) Business Operations,Advertical,Cologne
Werkstudent:in - Graphic Design & Brand Experience,ROOBS GmbH,Cologne
Recruiting Consultant,PowerUs,Berlin
Product Manager (Frankfurt),Privatize,Frankfurt am Main
Salesforce Technical Consultant (all genders),InfoTip Service GmbH,Georgensgmünd
Data Management Coordinator (M/W/D),sera Gruppe,Immenhausen
Mediengestalter (m/w/d),carl & friends adv. gmbh,Kassel
Financial Consultant / Vertriebstalent (m/w/d) High Performance Team Stuttgart,Horbach,Stuttgart
Junior Cloud Systems Administrator (all genders),Dellner Bubenzer,Dorsten
Kundendienstmitarbeiter Forderungsmanagement (m/w/d),UAI SOLUTIONS,Eggenfelden
Kundendienstmitarbeiter Forderungsmanagement (m/w/d),UAI SOLUTIONS,Eggenfelden
IT-Administrator / Systemadministrator (m/w/d),medoplan GmbH,Hamelin
"Marketing & Communications Manager (m/w/d) in Vollzeit, Teilzeit oder auf Stundenbasis",medoplan GmbH,Hamelin
Content Creator,Unfrämed Berlin,Berlin
Fullstack Developer,Envidual,Munich
Leitung Marketing (m/w/d),HR-Werkstatt GmbH,Sandersdorf-Brehna
Founder’s Associate Intern - (m/w/d),Sunpeak Capital GmbH,Berlin
Abteilungsleiter / Department Manager (m/w/d),LPP Deutschland GmbH,Hamburg
